"BROKEN","EPIC","FAILED","FEATURE","PASSED","SKIPPED","STORY","UNKNOWN"
"0","","0","API tests","1","0","Order a book","0"
"0","","0","API tests","1","0","Get list of books","0"
"0","","0","API tests","1","0","Get a single book","0"
"0","","0","API tests","1","0","Get a single book order","0"
"0","","0","API tests","1","0","API Authentication","0"
"0","","0","API tests","1","0","Get all book orders","0"
"0","","0","API tests","1","0","Update a book order","0"
"0","","0","API tests","1","0","Get Simple Books API Status","0"
"0","","0","API tests","1","0","Delete a book order","0"
